esenario;promedio de tiempo de espera
1;9.81
1;9.81
1;10.01
1;10.00
1;9.99
1;9.99
1;10.00
1;10.00
1;10.00
1;9.98
1;9.98
1;9.98
1;9.97
1;9.97
1;9.97
1;9.95
1;9.95
1;9.93
1;9.90
1;9.89
1;9.85
1;9.85
1;9.85
1;9.84
1;9.83
1;9.80
1;9.80
1;9.80
1;9.79
1;9.79
1;9.79
1;9.79
1;9.77
1;9.79
1;9.79
1;9.78
1;9.75
1;9.73
1;9.73
1;9.73
1;9.69
1;9.69
1;9.68
1;9.68
1;9.86
1;9.84
1;9.83
1;9.84
1;9.82
1;9.82
1;9.80
1;9.80
1;9.80
1;10.16
1;10.14
1;10.14
1;10.51
1;10.51
1;10.50
1;10.48
1;10.83
1;10.83
1;10.79
1;10.79
1;10.77
1;10.75
1;10.72
1;10.71
1;10.70
1;10.70
1;10.69
1;10.66
1;10.66
1;10.62
1;10.62
1;10.61
1;10.61
1;10.61
1;10.95
1;10.94
1;10.94
1;10.92
1;10.90
1;10.88
1;10.88
1;10.85
1;10.82
1;10.82
1;10.82
1;10.82
1;11.18
1;11.15
1;11.15
1;11.14
1;11.14
1;11.13
1;11.13
1;11.08
1;11.08
1;11.06
1;11.06
1;11.04
1;11.04
1;11.03
1;11.03
1;11.03
1;11.01
1;11.01
1;11.01
1;11.00
1;11.00
1;10.98
1;10.96
1;11.26
1;11.22
1;11.22
1;11.22
1;11.22
1;11.22
1;11.21
1;11.20
1;11.20
1;11.18
1;11.17
1;11.17
1;11.16
1;11.13
1;11.12
1;11.11
1;11.11
1;11.10
1;11.09
1;11.07
1;11.06
1;11.06
1;11.06
1;11.04
1;11.00
1;10.98
1;10.96
1;10.96
1;10.96
1;10.95
1;10.94
1;10.93
1;10.93
1;10.93
1;10.93
1;10.93
1;10.91
1;10.91
1;10.90
1;10.88
1;10.86
1;10.84
1;10.83
1;10.83
1;10.79
1;10.77
1;10.76
1;10.74
1;10.74
1;10.73
1;10.71
1;10.69
1;10.67
1;10.67
1;10.67
1;10.66
1;10.66
1;10.65
1;10.66
1;10.66
1;10.65
1;10.63
1;10.63
1;10.63
1;10.61
1;10.61
1;10.60
1;10.57
1;10.57
1;10.55
1;10.52
1;10.52
1;10.50
1;10.49
1;10.48
1;10.47
1;10.43
1;10.43
1;10.44
1;10.43
1;10.43
1;10.43
1;10.43
1;10.42
1;10.42
1;10.42
1;10.42
1;10.41
1;10.41
1;10.86
1;10.85
1;10.84
1;10.84
1;10.82
1;10.81
1;10.81
1;10.81
1;11.06
1;11.05
1;11.03
1;11.40
1;11.40
1;11.40
1;11.43
1;11.43
1;12.02
1;12.00
1;12.00
1;12.00
1;11.99
1;11.99
1;11.98
1;11.98
1;11.97
1;11.95
1;11.93
1;11.91
1;11.90
1;11.87
1;11.86
1;11.86
1;11.85
1;11.85
1;11.85
1;11.82
1;11.82
1;11.81
1;12.24
1;12.23
1;12.49
1;12.48
1;12.48
1;12.46
1;12.46
1;12.44
1;12.43
1;12.42
1;12.42
1;12.42
1;12.41
1;12.41
1;12.38
1;12.38
1;12.36
1;12.35
1;12.35
1;12.35
1;12.33
1;12.33
1;12.33
1;12.32
1;12.31
1;12.31
1;12.30
1;12.28
1;12.27
1;12.25
1;12.22
1;12.50
1;12.50
1;12.50
1;12.77
1;12.77
1;12.75
1;12.74
1;12.72
1;12.72
1;12.72
1;12.72
1;12.70
1;12.70
1;12.68
1;12.68
1;12.68
1;12.67
1;12.94
1;13.19
1;13.18
1;13.17
1;13.15
1;13.14
1;13.14
1;13.14
1;13.13
1;13.13
1;13.11
1;13.11
1;13.12
1;13.12
1;13.13
1;13.10
1;13.07
1;13.08
1;13.05
1;13.05
1;13.04
1;13.01
1;13.00
1;12.99
1;12.97
1;12.97
1;12.97
1;12.97
1;12.96
1;12.94
1;12.92
1;12.91
1;12.90
1;12.89
1;12.86
1;12.86
1;12.86
1;13.37
1;13.37
1;13.35
1;13.35
1;13.34
1;13.34
1;13.34
1;13.33
1;13.33
1;13.29
1;13.28
1;13.26
1;13.25
1;13.24
1;13.23
1;13.22
1;13.22
1;13.19
1;13.19
1;13.17
1;13.17
1;13.15
1;13.15
1;13.13
1;13.13
1;13.38
1;13.38
1;13.35
1;13.35
1;13.32
1;13.32
1;13.32
1;13.32
1;13.32
1;13.31
1;13.29
1;13.29
1;13.27
1;13.25
1;13.24
1;13.24
1;13.22
1;13.21
1;13.21
1;13.20
1;13.20
1;13.18
1;13.18
1;13.16
1;13.15
1;13.14
1;13.14
1;13.14
1;13.14
1;13.14
1;13.14
1;13.14
1;13.14
1;13.13
1;13.13
1;13.11
1;13.12
1;13.12
1;13.11
1;13.09
1;13.09
1;13.09
1;13.08
1;13.07
1;13.07
1;13.07
1;13.05
1;13.05
1;13.05
1;13.05
1;13.04
1;13.03
1;13.02
1;13.02
1;13.01
1;13.01
1;13.00
1;12.98
1;13.26
1;13.24
1;13.24
1;13.24
1;13.24
1;13.24
1;13.24
1;13.69
1;13.68
1;13.68
1;13.68
1;13.67
1;13.66
1;13.65
1;13.65
1;13.65
1;13.65
1;13.63
1;13.62
1;13.61
1;13.61
1;13.61
1;13.61
1;13.60
1;13.60
1;13.60
1;13.60
1;13.59
1;13.59
1;13.59
1;13.59
1;13.59
1;13.59
1;13.58
1;13.58
1;13.58
1;13.58
1;13.58
1;13.58
1;13.58
1;13.58
1;13.59
1;14.05
1;14.04
1;14.04
1;14.03
1;14.03
1;14.03
1;14.02
1;14.02
1;14.00
1;14.00
1;14.00
1;13.99
1;13.99
1;13.99
1;13.99
1;13.99
1;13.99
1;13.99
1;13.99
1;13.98
1;13.98
1;13.98
1;13.98
1;13.98
1;13.98
1;13.97
1;13.97
1;13.97
1;13.97
1;13.97
1;13.97
1;13.97
1;13.97
1;13.96
1;13.96
1;13.96
1;13.96
1;13.96
1;14.66
1;14.66
1;14.66
1;14.66
1;14.65
1;14.65
1;14.81
1;15.42
1;15.42
1;15.42
1;15.42
1;15.42
1;15.42
1;15.42
1;15.41
1;15.41
1;15.40
1;15.96
1;15.96
1;16.60
1;16.60
1;16.60
1;16.60
1;16.60
1;16.60
1;16.60
1;16.60
1;16.60
1;16.60
1;16.60
1;16.60
1;16.60
1;16.60
1;16.60
1;16.59
1;16.59
1;16.59
1;16.59
1;16.59
1;16.59
1;16.59
1;16.59
1;16.59
1;16.59
1;16.59
1;16.83
1;16.81
1;16.81
1;16.81
1;16.81
1;16.81
1;16.81
1;16.81
1;16.81
1;16.81
1;16.81
1;16.81
1;16.81
1;16.81
1;16.81
1;16.81
1;16.81
1;16.81
1;16.81
1;16.81
1;16.81
1;16.81
1;16.81
1;16.81
1;17.18
1;17.18
1;17.18
1;17.18
1;17.18
1;17.18
1;17.18
1;17.18
1;17.18
1;17.18
1;17.18
1;17.18
1;17.18
1;17.18
1;17.18
1;17.18
1;17.18
1;17.18
1;17.18
1;17.18
1;17.18
1;17.18
1;17.18
1;17.18
1;17.18
1;17.18
1;17.18
1;17.18
1;17.18
1;17.18
1;17.18
1;17.18
1;17.18
1;17.18
1;17.18
1;17.18
1;17.18
1;17.18
1;17.18
1;17.18
1;17.18
1;17.18
1;17.18
1;17.18
1;17.18
1;17.18
1;17.18
1;17.18
1;17.18
1;17.18
1;17.18
1;17.48
1;17.48
1;17.48
1;17.48
1;17.48
1;17.48
1;17.48
1;17.48
1;17.48
1;17.48
1;17.48
1;17.48
1;17.48
1;17.48
1;17.48
1;17.48
1;17.48
1;17.48
1;17.48
1;17.48
1;17.48
1;17.48
1;17.48
1;17.48
1;18.16
1;18.16
1;18.16
1;18.16
1;18.16
1;18.16
1;18.16
1;18.16
1;18.16
1;18.16
1;18.16
1;18.16
1;18.16
1;18.16
1;18.16
1;18.16
1;18.16
1;18.89
1;18.89
1;18.89
1;18.89
1;18.89
1;18.89
1;18.89
1;18.89
1;18.89
1;18.89
1;18.89
1;18.89
1;18.89
1;19.24
1;19.24
1;19.24
1;19.24
1;19.24
1;19.24
1;19.24
1;19.24
1;19.24
1;19.24
1;19.96
1;19.96
1;19.96
1;19.96
1;19.96
1;19.96
1;20.78
1;20.78
1;20.78
1;20.78
1;20.78
1;20.78
1;20.78
1;20.78
1;20.78
1;20.78
1;20.78
1;20.78
1;20.78
1;20.99
1;20.99
1;20.99
1;20.99
1;20.99
1;20.99
1;20.99
1;20.99
1;20.99
1;20.99
1;20.99
1;21.23
1;21.23
1;21.23
1;21.23
1;21.23
1;21.23
1;21.23
1;21.23
1;21.23
1;21.23
1;21.23
1;21.23
1;21.23
1;21.95
1;21.95
1;21.95
1;21.95
1;21.95
1;21.95
1;21.95
1;21.95
1;21.95
1;21.95
1;21.95
1;21.95
1;21.95
1;21.95
1;21.95
1;21.95
1;21.95
1;21.95
1;21.95
1;21.95
1;21.95
1;21.95
1;21.95
1;21.95
1;21.95
1;21.95
1;21.95
1;21.95
1;21.95
1;21.95
1;21.95
1;21.95
1;21.95
1;21.95
1;21.95
1;21.95
1;21.95
1;21.95
1;21.95
1;21.95
1;21.95
1;21.95
1;21.95
1;21.95
1;21.95
1;21.95
1;21.95
1;21.95
1;21.95
1;21.95
1;21.95
1;21.95
1;21.95
1;21.95
1;21.95
1;21.95
1;21.95
1;21.95
1;21.95
1;21.95
1;21.95
1;21.95
1;21.95
1;21.95
1;21.95
1;21.95
1;21.95
1;21.95
1;21.95
1;21.95
1;21.95
1;21.95
1;21.95
1;21.95
1;21.95
1;21.95
1;21.95
1;21.95
1;21.95
1;21.95
1;21.95
1;21.95
1;21.95
1;21.95
1;21.95
1;21.95
1;21.95
1;21.95
1;21.95
1;21.95
1;21.95
1;21.95
1;21.95
1;21.95
1;21.95
1;21.95
1;21.95
1;21.95
1;21.95
1;21.95
1;21.95
1;21.95
1;21.95
1;21.95
1;21.95
1;21.95
1;21.95
1;21.95
1;21.95
1;21.95
1;21.95
1;21.95
1;21.95
1;21.95
1;21.95
1;21.95
1;21.95
1;21.95
1;21.95
1;21.95
1;21.95
1;21.95
1;21.95
1;21.95
1;22.59
1;22.59
1;22.59
1;22.59
1;22.59
1;22.59
1;22.59
1;22.59
1;22.59
1;22.59
1;22.59
1;22.59
1;22.59
1;22.59
1;22.59
1;22.59
1;22.59
1;22.59
1;22.59
1;22.59
1;22.59
1;23.17
1;23.17
1;23.17
1;23.17
1;23.17
1;23.17
1;23.17
1;23.17
1;23.17
1;23.17
1;23.17
1;23.17
1;23.17
1;23.17
1;23.17
1;23.17
1;23.17
1;23.17
1;23.17
1;23.17
1;23.17
1;23.17
1;23.17
1;23.17
1;23.17
1;23.17
1;23.17
1;23.17
1;23.17
1;23.17
1;23.17
1;23.17
1;23.17
1;23.17
1;23.17
1;23.17
1;23.17
1;23.17
1;23.17
1;23.17
1;23.17
1;23.17
1;23.84
1;23.84
1;23.84
1;23.84
1;23.84
1;23.84
1;23.84
1;23.84
1;23.84
1;23.84
1;23.84
1;23.84
1;24.50
1;24.50
1;25.19
1;25.19
1;25.19
1;25.19
1;25.19
1;25.19
1;25.19
1;25.19
1;25.19
1;25.19
1;25.19
1;25.19
1;25.19
1;25.19
1;25.19
1;25.19
1;25.19
1;25.19
1;25.19
1;25.19
1;25.19
1;25.19
1;25.19
1;25.19
1;25.19
1;25.19
1;25.19
1;25.19
1;25.19
1;25.19
1;25.19
1;25.19
1;25.19
1;25.19
1;25.19
1;25.19
1;25.19
1;26.14
1;26.14
1;26.14
1;26.14
1;26.14
1;26.14
1;27.05
1;27.05
1;27.05
1;27.05
1;27.05
1;27.05
1;27.05
1;27.05
1;27.05
1;27.05
1;27.05
1;27.05
1;27.58
1;27.58
1;28.41
1;28.41
1;28.41
1;29.30
1;29.30
1;30.16
1;30.16
1;30.16
1;30.16
1;30.16
1;30.16
1;30.16
1;30.16
1;30.16
1;30.16
1;30.16
1;30.16
1;30.16
1;30.16
1;30.96
1;30.96
1;31.72
1;31.72
1;31.72
1;31.72
1;31.72
1;32.67
1;32.67
1;34.42
1;35.25
1;35.80
1;35.80
1;36.61
1;36.61
1;36.61
1;36.61
1;36.61
1;37.49
1;37.49
1;37.49
1;37.49
1;37.49
1;37.49
1;37.49
1;37.49
1;37.49
1;37.49
1;37.49
1;38.32
1;39.11
1;39.11
1;39.11
1;39.11
1;39.11
1;39.11
1;39.91
1;39.91
1;39.91
1;39.91
1;39.91
1;39.91
1;39.91
1;39.91
1;39.91
1;40.75
1;40.75
1;41.40
1;41.40
1;41.40
1;41.40
1;41.40
1;41.40
1;41.40
1;41.40
1;41.40
1;41.40
1;41.40
1;41.40
1;41.40
1;41.40
1;41.40
1;41.40
1;41.40
1;41.40
1;41.40
1;41.40
1;42.10
1;42.10
1;42.10
1;42.10
1;42.10
1;42.10
1;42.10
1;42.10
1;42.10
1;42.91
1;42.91
1;42.91
1;42.91
1;42.91
1;42.91
1;42.91
1;43.67
1;43.67
1;43.67
1;43.67
1;44.38
1;44.38
1;44.38
1;45.02
1;45.02
1;45.02
1;45.02
1;45.02
1;45.02
1;46.66
1;46.62
1;46.62
1;46.62
1;46.62
1;46.62
1;46.62
1;46.62
1;46.62
1;46.62
1;46.62
1;46.62
1;46.62
1;46.62
1;46.62
1;46.62
1;46.62
1;46.62
1;46.62
1;46.62
1;46.62
1;46.62
1;46.62
1;46.62
1;46.62
1;46.62
1;46.62
1;47.44
1;47.44
1;47.44
1;47.44
1;47.44
1;47.44
1;47.44
1;48.42
1;48.42
1;48.42
1;48.42
1;48.42
1;48.42
1;48.38
1;48.38
1;48.38
1;48.38
1;48.38
1;48.38
1;48.38
1;48.38
1;48.38
1;48.38
1;48.38
1;48.38
1;48.38
1;48.38
1;48.38
1;48.38
1;48.38
1;48.38
1;48.38
1;48.38
1;48.38
1;48.38
1;48.38
1;48.38
1;48.38
1;48.38
1;48.38
1;48.38
1;48.38
1;48.38
1;48.38
1;48.38
1;48.38
1;48.38
1;48.38
1;48.38
1;48.38
1;48.38
1;48.38
1;48.38
1;48.38
1;48.38
1;48.38
1;48.38
1;48.38
1;48.38
1;48.38
1;48.38
1;48.38
1;48.38
1;48.38
1;48.38
1;48.38
1;48.38
1;48.38
1;49.15
1;49.15
1;49.15
1;49.15
1;49.15
1;49.15
1;49.73
1;49.73
1;49.73
1;49.73
1;49.73
1;49.73
1;49.73
1;49.73
1;49.73
1;49.73
1;49.73
1;49.73
1;49.73
1;49.73
1;49.73
1;49.73
1;49.73
1;49.73
1;49.73
1;49.73
1;49.73
1;49.73
1;49.73
1;49.73
1;49.73
1;49.73
1;49.73
1;49.73
1;49.73
1;49.73
1;49.73
1;49.73
1;49.73
1;49.73
1;49.73
1;49.73
1;49.73
1;49.73
1;49.73
1;49.73
1;49.73
1;49.73
1;49.73
1;49.73
1;49.73
1;49.73
1;49.73
1;49.73
1;49.73
1;49.73
1;49.73
1;49.73
1;49.73
1;49.73
1;49.73
1;49.73
1;49.73
1;49.73
1;49.73
1;49.73
1;49.73
1;49.73
1;49.73
1;49.73
1;49.73
1;49.73
1;49.73
1;49.73
1;49.73
1;49.73
1;49.73
1;49.73
1;49.73
1;49.73
1;49.73
1;49.73
1;49.73
1;49.73
1;49.73
1;49.73
1;49.73
1;49.73
1;50.33
1;51.44
1;51.44
1;51.44
1;51.44
1;51.44
1;51.44
1;51.44
1;51.44
1;51.44
1;51.44
1;51.44
1;51.44
1;51.44
1;51.44
1;51.44
1;51.44
1;51.44
1;51.44
1;51.44
1;51.44
1;51.44
1;51.44
1;51.44
1;51.44
1;51.44
1;51.44
1;51.44
1;51.44
1;51.44
1;51.44
1;51.44
1;51.44
1;51.44
1;51.44
1;51.44
1;51.44
1;52.33
1;52.33
1;52.33
1;52.33
1;52.33
1;52.33
1;52.33
1;52.33
1;52.33
1;52.33
1;52.33
1;52.33
1;52.33
1;52.33
1;52.33
1;52.33
1;52.33
1;52.33
1;52.33
1;52.33
1;52.33
1;52.33
1;52.33
1;52.33
1;52.33
1;52.33
1;52.33
1;52.33
1;52.33
1;52.33
1;52.33
1;52.33
1;52.33
1;52.33
1;52.33
1;52.33
1;52.33
1;52.33
1;52.33
1;52.33
1;52.33
1;52.33
1;52.33
1;52.33
1;52.33
1;52.33
1;52.33
1;52.33
1;52.33
1;52.33
1;52.33
1;52.33
1;52.33
1;52.33
1;52.33
1;52.33
1;52.33
1;52.33
1;52.33
1;52.33
1;52.33
1;52.33
1;52.33
1;52.33
1;52.33
1;52.33
1;52.33
1;52.33
1;52.33
1;52.33
1;52.33
1;52.33
1;52.33
1;52.33
1;52.33
1;52.33
1;52.33
1;52.33
1;52.33
1;52.33
1;52.33
1;52.33
1;52.33
1;52.33
1;52.33
1;53.51
1;53.51
1;53.51
1;53.51
1;53.51
1;53.51
1;53.51
1;53.51
1;53.51
1;53.51
1;53.51
1;54.27
1;54.27
1;54.27
1;54.27
1;54.27
1;54.27
1;54.27
1;54.27
1;54.27
1;54.27
1;54.27
1;54.27
1;54.27
1;54.27
1;54.27
1;54.27
1;54.27
1;54.27
1;54.27
1;54.27
1;54.27
1;54.27
1;54.27
1;54.27
1;54.27
1;54.27
1;54.27
1;54.27
1;54.27
1;54.27
1;54.27
1;54.27
1;54.27
1;54.27
1;54.27
1;54.27
1;54.27
1;54.27
1;54.27
1;54.27
1;54.27
1;54.27
1;54.27
1;54.27
1;54.27
1;54.27
1;54.27
1;54.27
1;54.27
1;54.27
1;54.27
1;54.27
1;54.27
1;54.27
1;54.27
1;54.27
1;54.27
1;54.27
1;54.27
1;54.27
1;54.27
1;54.27
1;54.27
1;54.27
1;54.27
1;54.27
1;54.27
1;54.27
1;54.27
1;54.27
1;54.27
1;54.27
1;54.27
1;54.27
1;54.27
1;54.27
1;54.27
1;54.27
1;54.27
1;54.27
1;54.27
1;54.27
1;54.27
1;54.27
1;54.27
1;54.27
1;54.27
1;54.27
1;54.27
1;54.27
1;54.27
1;54.27
1;54.27
1;54.27
1;54.27
1;54.27
1;54.27
1;54.27
1;54.27
1;54.27
1;54.27
1;54.27
1;54.27
1;54.27
1;54.27
1;54.27
1;54.27
1;54.27
1;54.27
1;54.27
1;54.27
1;54.27
1;54.27
1;54.27
1;54.27
1;54.27
1;54.27
1;54.27
1;54.27
1;54.27
1;54.27
1;54.27
1;54.27
1;54.27
1;54.27
1;54.27
1;54.27
1;54.27
1;54.27
1;54.27
1;54.27
1;54.27
1;54.27
1;54.27
1;54.27
1;54.27
1;54.27
1;54.27
1;54.27
1;54.27
1;54.27
1;54.27
1;54.27
1;54.27
1;54.27
1;54.27
1;54.27
1;54.27
1;54.27
1;54.27
1;54.27
1;54.27
1;54.27
1;54.27
1;54.27
1;54.27
1;54.27
1;54.27
1;54.27
1;54.27
1;54.27
1;54.27
1;54.27
1;54.27
1;54.27
1;54.27
1;54.27
1;54.27
1;54.27
1;54.27
1;54.27
1;54.27
1;54.27
1;54.27
1;54.27
1;54.27
1;54.27
1;54.27
1;54.27
1;54.27
1;54.27
1;54.27
1;54.27
1;54.27
1;54.27
1;54.27
1;54.27
1;54.27
1;54.27
1;54.27
1;54.27
1;54.27
1;54.27
1;54.27
1;54.27
1;54.27
1;54.27
1;54.27
1;54.27
1;54.27
1;54.27
1;54.27
1;54.27
1;54.27
1;54.27
1;55.34
1;55.34
1;55.34
1;55.34
1;55.34
1;55.34
1;55.34
1;55.34
1;55.34
1;55.34
1;55.34
1;55.34
1;55.34
1;55.34
1;55.34
1;55.34
1;55.34
1;55.34
1;55.34
1;56.55
1;56.55
1;56.55
1;56.55
1;56.55
1;56.55
1;56.55
1;56.55
1;56.55
1;56.55
1;56.55
1;56.55
1;56.55
1;56.55
1;56.55
1;56.55
1;56.55
1;56.55
1;56.55
1;56.55
1;56.55
1;56.55
1;56.55
1;56.55
1;56.55
1;56.55
1;56.55
1;56.55
1;56.55
1;56.55
1;56.55
1;56.55
1;56.55
1;56.55
1;56.55
1;56.55
1;56.55
1;56.55
1;56.55
1;56.55
1;56.55
1;56.55
1;56.55
1;56.55
1;56.55
1;56.55
1;56.55
1;56.55
1;57.90
1;57.90
1;57.90
1;57.90
1;57.90
1;57.90
1;57.90
1;57.90
1;57.90
1;57.90
1;57.90
1;57.90
1;57.90
1;57.90
1;57.90
1;57.90
1;57.90
1;57.90
1;57.90
1;57.90
1;59.06
1;59.06
1;59.06
1;59.06
1;59.06
1;59.06
1;59.06
1;59.06
1;59.06
1;59.06
1;59.06
1;59.06
1;59.06
1;59.06
1;59.06
1;59.06
1;59.06
1;59.06
1;59.06
1;59.06
1;59.06
1;59.06
1;59.06
1;59.06
1;59.06
1;59.06
1;59.06
1;59.06
1;59.06
1;59.06
1;59.06
1;59.06
1;59.06
1;59.06
1;59.06
1;59.06
1;59.06
1;59.06
1;59.06
1;59.06
1;59.06
1;59.06
1;59.06
1;59.06
1;59.06
1;59.06
1;59.06
1;59.06
1;59.06
1;59.06
1;59.06
1;59.06
1;59.06
1;59.06
1;59.06
1;59.06
1;59.06
1;59.06
1;59.06
1;59.06
1;59.06
1;59.06
1;59.06
1;59.06
1;59.06
1;59.06
1;59.06
1;59.06
1;59.06
1;59.06
1;59.06
1;59.06
1;59.06
1;59.06
1;59.06
1;59.06
1;59.06
1;59.06
1;59.06
1;59.06
1;59.06
1;59.06
1;60.20
2;36.32
2;36.30
2;36.30
2;36.46
2;36.45
2;36.45
2;36.45
2;36.42
2;36.37
2;36.54
2;36.54
2;36.54
2;36.85
2;36.83
2;36.83
2;36.91
2;36.89
2;37.15
2;37.15
2;37.13
2;37.11
2;37.05
2;37.01
2;36.99
2;36.97
2;36.95
2;36.92
2;36.87
2;36.83
2;36.81
2;36.79
2;36.79
2;36.79
2;36.74
2;36.72
2;36.72
2;36.66
2;36.62
2;36.58
2;36.54
2;36.54
2;36.53
2;36.50
2;36.48
2;36.43
2;36.43
2;36.38
2;36.32
2;36.32
2;36.27
2;36.22
2;36.17
2;36.15
2;36.15
2;36.13
2;36.44
2;36.42
2;36.70
2;36.70
2;36.70
2;36.70
2;36.96
2;36.96
2;36.94
2;36.89
2;36.89
2;36.88
2;36.88
2;36.86
2;36.86
2;36.86
2;36.86
2;36.86
2;36.86
2;36.77
2;37.24
2;37.24
2;37.31
2;37.29
2;37.29
2;37.29
2;37.29
2;37.29
2;37.24
2;37.24
2;37.24
2;37.22
2;37.20
2;37.16
2;37.14
2;37.14
2;37.10
2;37.10
2;37.53
2;37.49
2;37.93
2;37.93
2;37.93
2;37.89
2;37.87
2;37.83
2;37.81
2;37.74
2;37.74
2;37.70
2;37.70
2;37.70
2;37.70
2;37.70
2;37.70
2;37.68
2;37.63
2;37.61
2;37.61
2;37.61
2;37.61
2;37.61
2;37.61
2;37.59
2;37.57
2;37.57
2;37.55
2;37.53
2;37.53
2;37.49
2;37.70
2;37.65
2;37.65
2;37.64
2;37.88
2;37.88
2;37.85
2;37.83
2;37.77
2;37.73
2;37.69
2;37.69
2;37.95
2;37.91
2;37.88
2;37.86
2;37.80
2;37.78
2;37.77
2;37.75
2;37.73
2;37.66
2;37.66
2;37.59
2;37.56
2;37.53
2;37.51
2;37.92
2;37.90
2;38.15
2;38.13
2;38.13
2;38.11
2;38.09
2;38.09
2;38.07
2;38.07
2;38.07
2;38.05
2;38.05
2;38.05
2;38.02
2;38.00
2;38.08
2;38.04
2;38.16
2;38.14
2;38.14
2;38.14
2;38.14
2;38.12
2;38.12
2;38.10
2;38.05
2;38.05
2;38.03
2;38.03
2;38.01
2;37.97
2;37.97
2;37.97
2;37.95
2;37.93
2;37.93
2;37.93
2;37.93
2;37.93
2;37.91
2;37.91
2;37.91
2;37.90
2;37.79
2;37.79
2;37.77
2;37.71
2;37.71
2;37.71
2;37.69
2;37.67
2;37.67
2;37.65
2;37.57
2;37.54
2;37.52
2;37.48
2;37.46
2;37.42
2;37.40
2;37.40
2;37.58
2;37.54
2;37.50
2;37.49
2;37.49
2;37.48
2;37.48
2;37.48
2;37.48
2;37.44
2;37.41
2;37.38
2;37.34
2;37.32
2;37.32
2;37.32
2;37.32
2;37.30
2;37.32
2;37.32
2;37.32
2;37.30
2;37.28
2;37.23
2;37.17
2;37.17
2;37.17
2;37.17
2;37.15
2;37.11
2;37.11
2;37.11
2;37.11
2;37.06
2;37.03
2;37.01
2;37.01
2;37.01
2;37.00
2;36.96
2;36.94
2;37.08
2;37.06
2;37.06
2;37.06
2;37.05
2;37.04
2;37.01
2;36.98
2;36.98
2;36.95
2;36.95
2;36.91
2;36.90
2;36.88
2;36.88
2;36.83
2;36.79
2;36.78
2;36.73
2;37.20
2;37.20
2;37.20
2;37.20
2;37.13
2;37.10
2;37.08
2;37.06
2;37.60
2;37.60
2;37.60
2;37.60
2;38.09
2;38.09
2;38.08
2;38.08
2;38.08
2;38.08
2;38.06
2;38.53
2;38.53
2;38.49
2;38.62
2;38.62
2;38.59
2;38.72
2;38.70
2;38.66
2;38.64
2;38.64
2;38.67
2;38.68
2;38.64
2;38.62
2;38.62
2;38.62
2;38.62
2;38.62
2;38.79
2;38.78
2;38.70
2;38.70
2;38.66
2;38.63
2;38.63
2;38.61
2;39.10
2;39.08
2;39.04
2;39.04
2;39.04
2;39.02
2;38.97
2;38.97
2;38.97
2;38.95
2;38.93
2;38.91
2;38.89
2;38.89
2;38.85
2;38.81
2;38.78
2;38.74
2;38.72
2;38.66
2;38.64
2;38.62
2;38.59
2;38.61
2;38.59
2;38.52
2;38.52
2;38.50
2;38.49
2;38.45
2;38.42
2;38.40
2;38.36
2;38.36
2;38.35
2;38.32
2;38.32
2;38.82
2;38.81
2;38.81
2;38.80
2;38.80
2;38.79
2;38.79
2;38.77
2;38.75
2;38.75
2;38.74
2;38.72
2;38.74
2;38.75
2;39.26
2;39.22
2;39.22
2;39.21
2;39.59
2;39.59
2;39.55
2;39.55
2;39.55
2;39.54
2;39.52
2;39.48
2;39.44
2;39.40
2;39.36
2;39.34
2;39.29
2;39.29
2;39.27
2;39.27
2;39.25
2;39.25
2;39.25
2;39.21
2;39.20
2;39.20
2;39.18
2;39.18
2;39.15
2;39.10
2;39.09
2;39.07
2;39.05
2;39.05
2;38.99
2;38.96
2;38.92
2;38.92
2;38.91
2;38.91
2;38.85
2;38.85
2;38.84
2;38.82
2;38.82
2;38.82
2;38.82
2;38.75
2;39.26
2;39.23
2;39.21
2;39.21
2;39.19
2;39.17
2;39.16
2;39.16
2;39.16
2;39.12
2;39.05
2;39.03
2;38.98
2;38.94
2;38.94
2;38.94
2;38.93
2;38.93
2;38.91
2;38.90
2;38.90
2;38.90
2;38.89
2;38.87
2;38.87
2;38.82
2;38.78
2;38.77
2;38.75
2;38.74
2;38.74
2;38.72
2;38.67
2;38.65
2;38.64
2;38.64
2;38.62
2;38.60
2;38.57
2;38.57
2;38.53
2;38.50
2;39.10
2;39.10
2;39.08
2;39.10
2;39.10
2;39.08
2;39.05
2;39.03
2;39.00
2;38.96
2;38.96
2;38.96
2;39.06
2;39.07
2;39.03
2;38.98
2;38.98
2;38.97
2;38.96
2;38.94
2;38.94
2;38.94
2;38.91
2;38.91
2;38.89
2;38.88
2;38.88
2;38.86
2;38.84
2;38.84
2;38.82
2;38.79
2;38.79
2;38.74
2;38.68
2;38.66
2;38.66
2;38.63
2;38.62
2;38.60
2;38.60
2;38.58
2;38.79
2;38.73
2;38.72
2;38.73
2;38.73
2;38.70
2;38.70
2;38.68
2;38.66
2;38.63
2;38.61
2;38.63
2;38.61
2;38.60
2;38.60
2;38.56
2;38.56
2;38.49
2;38.49
2;38.49
2;38.49
2;38.49
2;38.44
2;38.44
2;38.98
2;38.96
2;38.90
2;38.89
2;38.85
2;39.06
2;39.05
2;39.59
2;39.54
2;39.52
2;39.52
2;39.50
2;39.50
2;39.47
2;39.45
2;39.44
2;39.42
2;39.38
2;39.37
2;39.37
2;39.37
2;39.32
2;39.32
2;39.32
2;39.29
2;39.29
2;39.26
2;39.23
2;39.21
2;39.18
2;39.18
2;39.18
2;39.16
2;39.35
2;39.35
2;39.34
2;39.32
2;39.29
2;39.25
2;39.20
2;39.76
2;39.76
2;39.75
2;39.75
2;39.73
2;39.71
2;39.71
2;39.94
2;39.95
2;39.92
2;40.19
2;40.18
2;40.18
2;40.18
2;40.13
2;40.11
2;40.09
2;40.04
2;40.21
2;40.19
2;40.73
2;40.70
2;40.67
2;40.67
2;40.67
2;41.18
2;41.18
2;41.18
2;41.17
2;41.71
2;42.22
2;42.22
2;42.19
2;42.64
2;42.62
2;42.58
2;42.58
2;42.88
2;42.86
2;43.04
2;43.03
2;43.01
2;43.01
2;43.01
2;42.96
2;42.94
2;43.16
2;43.13
2;43.13
2;43.13
2;43.13
2;43.11
2;43.29
2;43.29
2;43.49
2;43.71
2;43.69
2;43.67
2;44.13
2;44.13
2;44.09
2;44.09
2;44.08
2;44.06
2;44.02
2;44.30
2;44.30
2;44.26
2;44.48
2;44.47
2;44.45
2;44.42
2;44.42
2;44.60
2;44.60
2;44.60
2;44.80
2;44.76
2;44.81
2;44.79
2;44.78
2;44.76
2;44.77
2;44.73
2;44.73
2;44.69
2;44.67
2;44.67
2;44.66
2;44.66
2;45.09
2;45.09
2;45.09
2;45.09
2;45.09
2;45.09
2;45.09
2;45.09
2;45.48
2;45.44
2;45.40
2;45.40
2;45.57
2;45.57
2;45.57
2;45.80
2;45.78
2;45.89
2;45.87
2;45.87
2;45.87
2;45.85
2;45.84
2;45.84
2;45.82
2;45.82
2;45.80
2;45.78
2;45.95
2;45.94
2;46.16
2;46.37
2;46.34
2;46.34
2;46.32
2;46.74
2;46.72
2;46.72
2;46.72
2;46.76
2;46.74
2;46.74
2;46.72
2;46.72
2;46.72
2;46.70
2;46.70
2;46.70
2;46.69
2;46.69
2;46.67
2;46.67
2;46.84
2;47.01
2;47.01
2;47.16
2;47.16
2;47.16
2;47.16
2;47.14
2;47.12
2;47.10
2;47.10
2;47.10
2;47.10
2;47.10
2;47.10
2;47.10
2;47.10
2;47.10
2;47.08
2;47.07
2;47.07
2;47.17
2;47.17
2;47.17
2;47.17
2;47.17
2;47.17
2;47.17
2;47.13
2;47.13
2;47.13
2;47.13
2;47.11
2;47.11
2;47.11
2;47.11
2;47.11
2;47.11
2;47.11
2;47.11
2;47.11
2;47.11
2;47.09
2;47.09
2;47.09
2;47.09
2;47.09
2;47.09
2;47.09
2;47.09
2;47.09
2;47.09
2;47.09
2;47.07
2;47.07
2;47.07
2;47.07
2;47.07
2;47.07
2;47.05
2;47.05
2;47.05
2;47.05
2;47.04
2;47.04
2;47.04
2;47.04
2;47.04
2;47.04
2;47.04
2;47.04
2;47.04
2;47.04
2;47.04
2;47.04
2;47.04
2;47.04
2;47.04
2;47.04
2;47.04
2;47.02
2;47.02
2;47.00
2;47.00
2;47.00
2;47.00
2;47.00
2;47.00
2;47.00
2;47.00
2;47.00
2;47.00
2;47.00
2;47.00
2;47.00
2;47.00
2;47.00
2;47.00
2;47.00
2;47.00
2;47.00
2;47.00
2;47.00
2;47.00
2;47.00
2;47.00
2;47.00
2;47.00
2;47.00
2;47.00
2;47.00
2;47.00
2;47.00
2;47.00
2;47.00
2;47.00
2;47.00
2;47.00
2;47.00
2;47.00
2;47.00
2;47.00
2;47.00
2;47.00
2;47.00
2;46.98
2;46.98
2;46.98
2;46.98
2;46.98
2;46.98
2;46.98
2;46.98
2;46.98
2;46.98
2;46.98
2;46.98
2;46.98
2;46.98
2;46.98
2;46.98
2;46.98
2;46.98
2;46.98
2;46.98
2;46.98
2;46.98
2;46.98
2;46.98
2;46.98
2;46.98
2;46.98
2;46.98
2;46.98
2;46.98
2;46.98
2;46.98
2;46.98
2;46.98
2;46.98
2;46.98
2;46.98
2;46.98
2;46.98
2;46.98
2;46.98
2;46.98
2;47.62
2;47.62
2;47.62
2;47.62
2;47.62
2;47.62
2;47.62
2;47.62
2;47.62
2;47.62
2;47.62
2;47.62
2;47.62
2;47.62
2;47.62
2;47.62
2;47.62
2;47.62
2;47.62
2;47.62
2;47.62
2;47.62
2;47.62
2;47.62
2;47.62
2;47.62
2;47.62
2;47.62
2;47.62
2;47.62
2;47.62
2;47.62
2;47.62
2;47.62
2;47.62
2;47.62
2;48.01
2;48.01
2;48.01
2;48.01
2;48.01
2;48.01
2;48.01
2;48.01
2;48.01
2;48.01
2;48.01
2;48.01
2;48.51
2;48.51
2;48.51
2;48.51
2;48.51
2;48.51
2;48.51
2;48.51
2;48.87
2;48.87
2;48.87
2;48.97
2;48.97
2;48.97
2;48.97
2;48.97
2;49.48
2;49.48
2;49.48
2;49.48
2;49.48
2;49.48
2;49.48
2;49.48
2;49.48
2;49.48
2;49.48
2;49.48
2;49.48
2;49.48
2;49.48
2;49.48
2;49.48
2;49.48
2;49.48
2;49.48
2;49.48
2;49.48
2;49.48
2;49.48
2;49.48
2;50.11
2;50.11
2;50.11
2;50.48
2;50.48
2;50.48
2;50.48
2;50.48
2;50.48
2;50.48
2;50.48
2;50.48
2;50.48
2;50.48
2;50.48
2;50.48
2;50.48
2;50.48
2;50.48
2;50.48
2;50.48
2;50.48
2;50.48
2;50.48
2;50.48
2;50.48
2;50.48
2;50.48
2;50.48
2;50.48
2;50.48
2;50.48
2;50.48
2;50.48
2;50.48
2;50.48
2;50.48
2;50.48
2;50.48
2;50.48
2;50.48
2;50.48
2;50.48
2;50.48
2;50.48
2;50.48
2;50.48
2;50.48
2;50.48
2;50.48
2;50.48
2;50.48
2;50.48
2;50.48
2;50.48
2;50.48
2;50.48
2;50.48
2;50.48
2;50.48
2;50.48
2;50.48
2;50.48
2;50.48
2;50.48
2;50.48
2;50.48
2;50.48
2;50.48
2;50.48
2;50.48
2;50.48
2;50.48
2;50.48
2;51.01
2;51.01
2;51.01
2;51.01
2;51.01
2;51.01
2;51.01
2;51.01
2;51.01
2;51.01
2;51.01
2;51.01
2;51.01
2;51.01
2;51.01
2;51.01
2;51.01
2;51.01
2;51.01
2;51.01
2;51.01
2;51.01
2;51.01
2;51.01
2;51.01
2;51.01
2;51.01
2;51.01
2;51.01
2;51.01
2;51.01
2;51.01
2;51.01
2;51.01
2;51.01
2;51.01
2;51.01
2;51.01
2;51.01
2;51.01
2;51.01
2;51.01
2;51.01
2;51.01
2;51.01
2;51.01
2;51.01
2;51.01
2;51.01
2;51.01
2;51.01
2;51.01
2;51.01
2;51.01
2;51.01
2;51.01
2;51.01
2;51.01
2;51.01
2;51.01
2;51.01
2;51.01
2;51.01
2;51.01
2;51.01
2;51.01
2;51.01
2;51.01
2;51.01
2;51.01
2;51.01
2;51.01
2;51.01
2;51.01
2;51.01
2;51.01
2;51.01
2;51.01
2;51.01
2;51.01
2;51.01
2;51.01
2;51.01
2;51.01
2;51.01
2;51.01
2;51.01
2;51.01
2;51.01
2;51.01
2;51.01
2;51.01
2;51.01
2;51.01
2;51.01
2;51.01
2;51.01
2;51.01
2;51.01
2;51.01
2;51.01
2;51.01
2;51.01
2;51.01
2;51.01
2;51.01
2;51.01
2;51.01
2;51.01
2;51.01
2;51.01
2;51.01
2;51.01
2;51.01
2;51.01
2;51.01
2;51.01
2;51.01
2;51.01
2;51.01
2;51.01
2;51.01
2;51.01
2;51.01
2;51.01
2;51.01
2;51.01
2;51.01
2;51.01
2;51.01
2;51.01
2;51.01
2;51.01
2;51.01
2;51.01
2;51.01
2;51.01
2;51.01
2;51.01
2;51.01
2;51.01
2;51.01
2;51.28
2;51.28
2;51.28
2;51.28
2;51.28
2;51.28
2;51.28
2;51.28
2;51.28
2;51.28
2;51.28
2;51.28
2;51.28
2;51.28
2;51.28
2;51.28
2;51.28
2;51.28
2;51.28
2;51.28
2;51.28
2;51.28
2;51.28
2;51.28
2;51.28
2;51.28
2;51.28
2;51.28
2;51.28
2;51.28
2;51.28
2;51.28
2;51.28
2;51.28
2;51.28
2;51.28
2;51.28
2;51.28
2;51.28
2;51.28
2;51.28
2;51.28
2;51.28
2;51.28
2;51.28
2;51.28
2;51.28
2;51.28
2;51.28
2;51.28
2;51.28
2;51.28
2;51.28
2;51.28
2;51.28
2;51.28
2;51.28
2;51.28
2;51.28
2;51.28
2;51.28
2;51.28
2;51.28
2;51.28
2;51.28
2;51.28
2;51.28
2;51.28
2;51.28
2;51.28
2;51.28
2;51.28
2;51.28
2;51.28
2;51.28
2;51.28
2;51.28
2;51.28
2;51.28
2;51.28
2;51.28
2;51.28
2;51.28
2;51.28
2;51.28
2;51.28
2;51.28
2;51.28
2;51.28
2;51.28
2;51.28
2;51.28
2;51.28
2;51.28
2;51.28
2;51.28
2;51.28
2;51.28
2;51.28
2;51.28
2;51.28
2;51.28
2;51.28
2;51.28
2;51.28
2;51.28
2;51.28
2;51.28
2;51.28
2;51.60
2;51.60
2;51.60
2;51.60
2;51.60
2;51.60
2;51.91
2;51.91
2;51.91
2;51.91
2;52.22
2;52.22
2;52.22
2;52.22
2;52.22
2;52.22
2;52.22
2;52.22
2;52.22
2;52.22
2;52.22
2;52.22
2;52.22
2;52.22
2;52.22
2;52.22
2;52.22
2;52.22
2;52.22
2;52.22
2;52.22
2;52.22
2;52.22
2;52.22
2;52.22
2;52.22
2;52.22
2;52.22
2;52.22
2;52.22
2;52.22
2;52.22
2;52.22
2;52.22
2;52.22
2;52.22
2;52.22
2;52.22
2;52.22
2;52.22
2;52.22
2;52.22
2;52.22
2;52.22
2;52.22
2;52.22
2;52.22
2;52.22
2;52.22
2;52.22
2;52.22
2;52.22
2;52.22
2;52.22
2;52.22
2;52.22
2;52.22
2;52.22
2;52.22
2;52.22
2;52.22
2;52.22
2;52.22
2;52.22
2;52.22
2;52.22
2;52.22
2;52.22
2;52.22
2;52.22
2;52.22
2;52.22
2;52.22
2;52.22
2;52.22
2;52.22
2;52.22
2;52.22
2;52.22
2;52.22
2;52.22
2;52.22
2;52.22
2;52.22
2;52.22
2;52.22
2;52.22
2;52.22
2;52.22
2;52.22
2;52.22
2;52.22
2;52.22
2;52.22
2;52.22
2;52.22
2;52.22
2;52.22
2;52.22
2;52.22
2;52.22
2;52.22
2;52.22
2;52.22
2;52.22
2;52.22
2;52.22
2;52.22
2;52.22
2;52.22
2;52.22
2;52.22
2;52.22
2;52.22
2;52.22
2;52.22
2;52.22
2;52.22
2;52.22
2;52.22
2;52.22
2;52.22
2;52.22
2;52.22
2;52.22
2;52.22
2;52.22
2;52.22
2;52.22
2;52.22
2;52.22
2;52.22
2;52.22
2;52.22
2;52.22
2;52.22
2;52.22
2;52.22
2;52.22
2;52.22
2;52.22
2;52.22
2;52.22
2;52.22
2;52.22
2;52.22
2;52.22
2;52.22
2;52.22
2;52.22
2;52.22
2;52.22
2;52.22
2;52.22
2;52.22
2;52.22
2;52.22
2;52.22
2;52.22
2;52.22
2;52.22
2;52.22
2;52.22
2;52.22
2;52.22
2;52.22
2;52.22
2;52.22
2;52.22
2;52.22
2;52.22
2;52.22
2;52.22
2;52.22
2;52.22
2;52.22
2;52.22
2;52.22
2;52.22
2;52.22
2;52.22
2;52.22
2;52.22
2;52.22
2;52.58
2;52.58
2;52.58
2;52.58
2;52.58
2;52.58
2;52.58
2;52.58
2;52.58
2;52.58
2;52.58
2;52.58
2;52.58
2;52.58
2;52.58
2;52.58
2;52.58
2;52.58
2;52.58
2;52.58
2;52.58
2;52.58
2;52.58
2;52.58
2;52.58
2;52.58
2;53.43
2;53.43
2;53.43
2;53.43
2;53.43
2;53.43
2;53.43
2;53.43
2;53.43
2;53.43
2;53.43
2;53.43
2;53.43
2;53.43
2;53.43
2;53.43
2;53.77
2;53.77
2;53.77
2;53.77
2;54.09
2;54.09
2;54.09
2;54.09
2;54.09
2;54.09
2;54.09
2;54.43
2;54.43
2;54.43
2;54.43
2;54.43
2;54.43
2;54.43
2;54.43
2;54.43
2;54.43
2;54.43
2;54.43
2;54.43
2;54.43
2;54.43
2;54.76
2;54.76
2;54.76
2;54.76
2;54.76
2;54.76
2;54.76
2;54.76
2;54.76
2;54.76
2;54.76
2;54.76
2;54.76
2;54.76
2;55.09
2;55.09
2;55.09
2;55.09
2;55.09
2;55.09
2;55.09
2;55.09
2;55.09
2;55.09
2;55.09
2;55.09
2;55.09
2;55.09
2;55.09
2;55.09
2;55.09
2;55.09
2;55.09
2;55.09
2;55.09
2;55.09
2;55.09
2;55.09
2;55.09
2;55.09
2;55.09
2;55.09
2;55.09
2;55.09
2;55.09
2;55.09
2;55.09
2;55.09
2;55.09
2;55.09
2;55.09
2;55.09
2;55.09
2;55.09
2;55.09
2;55.09
2;55.09
2;55.09
2;55.09
2;55.09
2;55.09
2;55.09
2;55.09
2;55.09
2;55.09
2;55.09
2;55.09
2;55.09
2;55.09
2;55.09
2;55.09
2;55.09
2;55.09
2;55.09
2;55.09
2;55.09
2;55.09
2;55.09
2;55.09
2;55.09
2;55.52
2;55.52
2;55.52
2;55.52
2;55.52
2;55.52
2;55.52
2;55.52
2;55.52
2;55.52
2;55.52
2;55.52
2;55.52
2;55.52
2;55.52
2;55.52
2;55.52
2;55.52
2;55.52
2;55.52
2;55.52
2;55.52
2;55.52
2;55.52
2;55.52
2;55.52
2;55.52
2;55.52
2;55.52
2;55.52
2;55.52
2;55.52
2;55.52
2;55.52
2;55.52
2;55.52
2;55.52
2;55.52
2;55.52
2;55.52
2;55.52
2;55.52
2;55.52
2;55.52
2;55.52
2;55.52
2;55.52
2;55.52
2;55.52
2;55.52
2;55.52
2;55.52
2;55.52
2;55.52
2;55.52
2;55.52
2;55.52
2;55.52
2;55.52
2;55.52
2;55.52
2;55.52
2;55.52
2;55.52
2;55.52
2;55.52
2;55.52
2;55.52
2;55.52
2;55.52
2;55.52
2;55.52
2;55.52
2;55.52
2;55.52
2;55.52
2;55.52
2;55.52
2;55.52
2;55.52
2;55.52
2;55.52
2;55.52
2;55.52
2;55.52
2;55.52
2;55.52
2;55.52
2;55.52
2;55.52
2;55.52
2;55.52
2;55.52
2;55.52
2;55.52
2;55.52
2;55.52
2;55.52
2;55.52
2;55.52
2;55.52
2;55.52
2;55.52
2;55.52
2;55.52
2;55.52
2;55.52
2;55.52
2;55.52
2;55.52
2;55.52
2;55.52
2;55.52
2;55.52
2;55.52
2;55.52
2;55.52
2;55.52
2;55.52
2;55.52
2;55.52
2;55.52
2;55.52
2;55.52
2;55.52
2;55.52
2;55.52
2;55.52
2;55.52
2;55.52
2;55.52
2;55.52
2;55.52
2;55.52
2;55.52
2;55.52
2;55.52
2;55.52
2;55.52
2;55.52
2;55.52
2;55.52
2;55.52
2;55.52
2;55.52
2;55.52
2;55.52
2;55.52
2;55.52
2;55.52
2;55.52
2;55.52
2;55.52
2;55.52
2;55.52
2;55.52
2;55.52
2;55.52
2;55.52
2;55.52
2;55.52
2;55.52
2;55.52
2;55.52
2;55.52
2;55.52
2;56.26
2;56.26
2;56.26
2;56.26
2;56.26
2;56.26
2;56.26
2;56.26
2;56.26
2;56.26
2;56.26
2;56.26
2;56.26
2;56.26
2;56.26
2;56.26
2;56.26
2;56.26
2;56.26
2;56.26
2;56.26
2;56.26
2;56.26
2;56.26
2;56.26
2;56.26
2;56.26
2;56.26
2;56.26
2;56.26
2;56.26
2;56.26
2;56.26
2;56.26
2;56.26
2;56.26
2;56.26
2;56.26
2;56.26
2;56.26
2;56.26
2;56.26
2;56.26
2;56.69
2;56.69
2;56.69
2;56.69
2;56.69
2;56.69
2;56.69
2;56.69
2;56.69
2;56.69
2;56.69
2;56.69
2;56.69
2;56.69
2;56.69
2;56.69
2;57.12
2;57.12
2;57.12
2;57.12
2;57.12
2;57.12
2;57.12
2;57.12
2;57.12
2;57.12
2;57.12
2;57.53
2;57.53
2;57.53
2;57.53
2;57.53
2;57.53
2;57.53
2;57.53
2;57.53
2;57.53
2;57.53
2;57.53
2;57.53
2;57.53
2;57.53
2;57.53
2;58.08
2;58.08
2;58.08
2;58.08
2;58.08
2;58.08
2;58.08
2;58.08
2;58.08
2;58.08
2;58.08
2;58.08
2;58.08
2;58.08
2;58.08
2;58.08
2;58.08
2;58.08
2;58.08
2;58.08
2;58.08
2;58.08
2;58.08
2;58.08
2;58.08
2;58.08
2;58.08
2;58.08
2;58.08
2;58.08
3;16.72
3;16.70
3;16.66
3;16.72
3;16.72
3;16.70
3;16.69
3;16.69
3;16.67
3;16.64
3;16.62
3;16.62
3;16.60
3;16.58
3;16.64
3;16.62
3;16.60
3;16.56
3;16.56
3;16.54
3;16.50
3;16.47
3;16.50
3;16.50
3;16.47
3;16.44
3;16.39
3;16.68
3;16.66
3;16.66
3;16.62
3;16.54
3;16.53
3;16.51
3;16.51
3;16.51
3;16.56
3;16.50
3;16.50
3;16.58
3;16.58
3;16.57
3;16.55
3;16.55
3;16.82
3;16.80
3;16.72
3;16.82
3;16.75
3;17.00
3;17.00
3;16.98
3;17.37
3;17.36
3;17.48
3;17.40
3;17.37
3;17.35
3;17.40
3;17.40
3;17.37
3;17.49
3;17.43
3;17.41
3;17.38
3;17.36
3;17.36
3;17.36
3;17.36
3;17.45
3;17.45
3;17.45
3;17.45
3;17.43
3;17.39
3;17.39
3;17.39
3;17.38
3;17.63
3;17.63
3;17.66
3;17.64
3;17.64
3;17.64
3;17.63
3;17.61
3;17.57
3;17.57
3;17.56
3;17.53
3;17.53
3;17.53
3;17.52
3;17.67
3;17.65
3;17.62
3;17.57
3;17.54
3;17.67
3;17.66
3;17.63
3;17.57
3;17.55
3;17.52
3;17.49
3;17.47
3;17.47
3;17.43
3;17.42
3;17.42
3;17.42
3;17.40
3;17.37
3;17.36
3;17.34
3;17.29
3;17.29
3;17.29
3;17.27
3;17.25
3;17.23
3;17.34
3;17.32
3;17.30
3;17.29
3;17.29
3;17.29
3;17.26
3;17.28
3;17.27
3;17.25
3;17.22
3;17.20
3;17.17
3;17.15
3;17.15
3;17.15
3;17.10
3;17.08
3;17.08
3;17.03
3;17.03
3;17.02
3;17.02
3;17.02
3;17.02
3;17.24
3;17.20
3;17.19
3;17.71
3;17.72
3;17.72
3;18.14
3;18.14
3;18.66
3;18.61
3;18.58
3;18.55
3;18.97
3;18.97
3;18.94
3;18.88
3;19.32
3;19.33
3;19.88
3;19.88
3;19.88
3;20.43
3;20.80
3;20.80
3;20.80
3;21.08
3;21.06
3;21.06
3;21.60
3;21.57
3;22.09
3;22.07
3;22.43
3;22.65
3;22.71
3;22.71
3;22.67
3;22.67
3;23.00
3;23.00
3;22.98
3;23.45
3;23.42
3;23.40
3;23.34
3;23.34
3;23.68
3;23.63
3;23.61
3;23.58
3;23.56
3;23.52
3;24.03
3;24.14
3;24.14
3;24.12
3;24.58
3;24.90
3;24.89
3;24.89
3;24.87
3;24.87
3;24.97
3;24.94
3;25.23
3;25.79
3;25.74
3;25.71
3;25.65
3;25.76
3;26.13
3;27.57
3;28.03
3;28.63
3;29.02
3;29.27
3;29.21
3;29.64
3;29.70
3;30.17
3;30.63
3;31.12
3;31.66
3;32.08
3;32.49
3;33.33
3;33.33
3;33.30
3;33.30
3;33.25
3;33.41
3;33.30
3;33.53
3;33.53
3;33.50
3;33.50
3;33.61
3;33.66
3;33.61
3;33.59
3;33.91
3;34.02
3;34.14
3;34.59
3;35.04
3;35.95
3;35.95
3;35.89
3;37.04
3;37.09
3;37.06
3;37.05
3;37.02
3;36.93
3;36.88
3;36.87
3;36.93
3;37.31
3;37.43
3;37.59
3;37.67
3;38.08
3;37.99
3;38.03
3;37.97
3;37.88
3;37.80
3;37.77
3;37.89
3;37.89
3;38.09
3;38.48
3;38.48
3;38.67
3;38.61
3;39.00
3;39.02
3;39.41
3;39.39
3;39.29
3;39.27
3;39.41
3;39.45
3;40.03
3;40.00
3;39.94
3;39.88
3;40.32
3;40.59
3;40.44
3;40.41
3;40.32
3;40.29
3;40.42
3;40.95
3;41.37
3;41.37
3;41.34
3;41.28
3;41.25
3;41.25
3;41.37
3;41.28
3;41.44
3;41.54
3;41.92
3;41.87
3;41.97
3;42.18
3;42.18
3;42.16
3;42.55
3;42.56
3;42.56
3;42.98
3;42.95
3;43.01
3;42.98
3;42.96
3;42.86
3;42.79
3;42.73
3;43.04
3;43.01
3;42.90
3;42.90
3;43.12
3;43.41
3;43.40
3;43.40
3;43.37
3;43.30
3;43.24
3;43.24
3;43.19
3;43.15
3;43.12
3;43.09
3;43.04
3;43.17
3;43.12
3;43.09
3;42.97
3;42.95
3;42.90
3;42.81
3;42.72
3;42.69
3;42.66
3;42.64
3;42.64
3;42.62
3;42.59
3;42.59
3;42.65
3;42.65
3;42.59
3;42.59
3;42.57
3;42.57
3;43.13
3;43.19
3;43.14
3;43.08
3;43.06
3;43.03
3;43.03
3;43.03
3;43.00
3;42.94
3;42.94
3;42.82
3;43.01
3;43.01
3;42.98
3;42.92
3;42.89
3;42.89
3;42.89
3;42.85
3;42.77
3;42.68
3;42.63
3;42.58
3;42.58
3;42.55
3;42.53
3;42.52
3;42.51
3;42.43
3;42.59
3;42.54
3;42.52
3;42.49
3;42.44
3;42.55
3;42.73
3;42.80
3;42.78
3;42.78
3;42.74
3;42.74
3;42.66
3;42.64
3;42.60
3;42.54
3;42.51
3;42.46
3;42.41
3;42.41
3;42.34
3;42.54
3;42.49
3;42.44
3;42.42
3;42.34
3;42.29
3;42.26
3;42.20
3;42.20
3;42.20
3;42.15
3;42.11
3;42.09
3;42.06
3;42.04
3;42.02
3;41.97
3;41.95
3;41.95
3;41.95
3;41.92
3;41.93
3;41.93
3;41.93
3;41.88
3;41.81
3;41.81
3;41.75
3;41.75
3;41.72
3;41.67
3;41.63
3;41.63
3;41.63
3;41.56
3;41.54
3;41.48
3;41.39
3;41.36
3;41.32
3;41.29
3;41.27
3;41.21
3;41.21
3;41.11
3;41.09
3;41.01
3;41.00
3;40.98
3;40.95
3;40.90
3;40.85
3;40.83
3;40.75
3;40.68
3;40.68
3;40.66
3;40.58
3;40.56
3;40.47
3;40.44
3;40.44
3;40.44
3;40.44
3;40.43
3;40.43
3;40.43
3;40.43
3;40.37
3;40.37
3;40.37
3;40.37
3;40.37
3;40.34
3;40.31
3;40.24
3;40.17
3;40.15
3;40.13
3;40.07
3;40.04
3;40.00
3;39.97
3;39.96
3;39.85
3;39.85
3;39.78
3;39.74
3;39.72
3;39.70
3;39.67
3;39.58
3;39.56
3;39.56
3;39.55
3;39.52
3;39.52
3;39.48
3;39.55
3;39.52
3;39.83
3;39.81
3;39.78
3;39.76
3;39.74
3;39.74
3;39.74
3;39.67
3;39.63
3;39.60
3;39.58
3;39.50
3;39.48
3;39.48
3;39.46
3;39.64
3;39.61
3;39.59
3;39.59
3;39.57
3;39.54
3;39.52
3;39.55
3;39.53
3;39.53
3;39.90
3;39.88
3;39.83
3;39.79
3;39.76
3;39.72
3;39.65
3;39.63
3;39.58
3;39.54
3;39.54
3;39.54
3;39.54
3;39.50
3;39.50
3;39.47
3;39.41
3;39.34
3;39.34
3;39.32
3;39.30
3;39.21
3;39.19
3;39.15
3;39.16
3;39.10
3;39.45
3;39.43
3;39.43
3;39.41
3;39.35
3;39.68
3;39.64
3;39.64
3;39.58
3;39.56
3;39.53
3;39.51
3;39.51
3;39.51
3;39.49
3;39.45
3;39.45
3;39.38
3;39.32
3;39.30
3;39.23
3;39.17
3;39.11
3;39.11
3;39.10
3;39.08
3;39.06
3;39.04
3;39.04
3;39.02
3;39.02
3;39.00
3;38.98
3;39.04
3;39.04
3;39.09
3;39.05
3;39.00
3;39.00
3;39.00
3;38.97
3;38.97
3;38.97
3;38.90
3;38.87
3;39.25
3;39.25
3;39.25
3;39.25
3;39.25
3;39.25
3;39.21
3;39.19
3;39.15
3;39.10
3;39.08
3;39.06
3;39.06
3;39.06
3;39.04
3;39.41
3;39.37
3;39.35
3;39.33
3;39.33
3;39.37
3;39.32
3;39.32
3;39.32
3;39.29
3;39.28
3;39.25
3;39.20
3;39.16
3;39.36
3;39.36
3;39.28
3;39.26
3;39.20
3;39.17
3;39.11
3;39.07
3;39.04
3;39.02
3;39.02
3;38.98
3;38.96
3;38.94
3;39.33
3;39.33
3;39.30
3;39.26
3;39.24
3;39.20
3;39.13
3;39.13
3;39.13
3;39.11
3;39.09
3;39.07
3;39.30
3;39.30
3;39.30
3;39.26
3;39.22
3;39.22
3;39.18
3;39.18
3;39.16
3;39.11
3;39.11
3;39.09
3;39.07
3;39.11
3;39.11
3;39.07
3;39.05
3;38.95
3;38.93
3;38.91
3;38.89
3;38.85
3;38.83
3;38.81
3;38.75
3;38.73
3;38.85
3;38.84
3;38.84
3;38.84
3;38.84
3;38.84
3;38.82
3;38.80
3;38.74
3;38.74
3;38.74
3;38.74
3;38.74
3;38.72
3;38.69
3;38.67
3;38.65
3;38.63
3;38.63
3;38.60
3;38.56
3;38.54
3;38.52
3;38.50
3;38.50
3;38.48
3;38.45
3;38.41
3;38.41
3;38.41
3;38.41
3;38.39
3;38.37
3;38.37
3;38.29
3;38.28
3;38.24
3;38.22
3;38.20
3;38.33
3;38.29
3;38.41
3;38.39
3;38.39
3;38.37
3;38.37
3;38.35
3;38.32
3;38.30
3;38.23
3;38.18
3;38.18
3;38.16
3;38.14
3;38.14
3;38.12
3;38.08
3;38.05
3;38.05
3;38.05
3;38.03
3;38.00
3;38.00
3;37.98
3;37.96
3;37.93
3;37.88
3;37.83
3;37.81
3;37.79
3;37.77
3;37.73
3;37.73
3;37.69
3;37.68
3;37.64
3;37.64
3;37.63
3;37.55
3;37.48
3;37.46
3;37.42
3;37.40
3;37.37
3;37.33
3;37.29
3;37.26
3;37.23
3;37.15
3;37.15
3;37.13
3;37.13
3;37.12
3;37.10
3;37.05
3;37.03
3;37.00
3;36.96
3;36.93
3;36.93
3;36.93
3;36.93
3;36.91
3;36.91
3;36.90
3;36.88
3;36.85
3;36.85
3;36.83
3;36.77
3;36.76
3;36.74
3;36.70
3;36.69
3;36.63
3;36.62
3;36.57
3;36.55
3;36.53
3;36.53
3;36.50
3;36.50
3;36.48
3;36.48
3;36.46
3;36.45
3;36.45
3;36.45
3;36.43
3;36.43
3;36.43
3;36.43
3;36.37
3;36.30
3;36.30
3;36.30
3;36.25
3;36.23
3;36.18
3;36.27
3;36.25
3;36.25
3;36.25
3;36.23
3;36.23
3;36.19
3;36.19
3;36.17
3;36.17
3;36.16
3;36.11
3;36.09
3;36.09
3;36.09
3;36.07
3;36.06
3;36.45
3;36.42
3;36.39
3;36.37
3;36.34
3;36.29
3;36.26
3;36.21
3;36.19
3;36.14
3;36.12
3;36.09
3;36.38
3;36.35
3;36.32
3;36.31
3;36.29
3;36.27
3;36.26
3;36.19
3;36.67
3;36.66
3;37.36
3;37.33
3;37.37
3;37.35
3;37.30
3;37.30
3;37.28
3;37.27
3;37.27
3;37.40
3;37.88
3;38.00
3;37.98
3;37.98
3;37.96
3;37.95
3;37.98
3;37.97
3;38.09
3;38.07
3;38.07
3;38.06
3;38.03
3;38.01
3;38.00
3;37.95
3;37.94
3;37.94
3;37.92
3;37.91
3;38.39
3;38.37
3;38.66
3;38.66
3;38.66
3;38.61
3;39.26
3;39.93
3;39.93
3;39.86
3;39.85
3;39.83
3;39.89
3;39.95
3;39.90
3;39.90
3;40.33
3;40.77
3;40.77
3;40.86
3;40.82
3;40.79
3;40.73
3;40.73
3;41.04
3;41.61
3;41.58
3;41.51
3;41.47
3;41.57
3;41.56
3;41.51
3;41.51
3;41.69
3;41.81
3;41.81
3;41.84
3;41.81
3;41.75
3;41.70
3;41.65
3;41.64
3;41.64
3;41.62
3;42.02
3;42.00
3;41.97
3;41.93
3;41.93
3;41.93
3;41.93
3;41.91
3;41.87
3;41.85
3;41.83
3;42.33
3;42.33
3;42.33
3;42.33
3;42.33
3;42.31
3;42.58
3;43.27
3;43.25
3;43.35
3;43.35
3;43.38
3;43.33
3;43.44
3;43.43
3;43.41
3;43.36
3;43.48
3;43.47
3;43.49
3;43.49
3;43.49
3;43.48
3;43.73
3;43.68
3;43.64
3;43.62
3;44.08
3;44.04
3;44.01
3;44.05
3;44.05
3;44.03
3;44.03
3;44.16
3;44.16
3;44.25
3;44.35
3;44.33
3;44.52
3;44.93
3;44.93
3;45.03
3;45.01
3;44.96
3;44.94
3;44.94
3;44.94
3;44.92
3;44.89
3;44.89
3;44.87
3;45.26
3;45.28
3;45.42
3;45.36
3;45.36
3;45.36
3;45.31
3;45.44
3;45.42
3;45.36
3;45.32
3;45.56
3;45.56
3;45.53
3;45.51
3;45.49
3;45.49
3;45.49
3;45.47
3;45.47
3;45.45
3;45.42
3;45.41
3;45.35
3;45.44
3;45.52
3;46.00
3;45.96
3;45.96
3;45.91
3;46.33
3;46.31
3;46.31
3;46.44
3;46.44
3;46.44
3;46.44
3;46.48
3;46.47
3;46.45
3;46.43
3;46.41
3;46.37
3;46.34
3;46.32
3;46.32
3;46.30
3;46.30
3;46.28
3;46.40
3;46.40
3;46.47
3;46.43
3;46.46
3;46.44
3;46.44
3;46.42
3;46.58
3;46.58
3;46.57
3;46.53
3;46.71
3;46.71
3;46.71
3;46.66
3;46.66
3;46.66
3;46.64
3;46.61
3;46.90
3;46.86
3;46.82
3;46.80
3;46.85
3;46.83
3;46.82
3;46.82
3;46.82
3;46.80
3;46.78
3;46.78
3;46.74
3;46.73
3;46.73
3;46.73
3;46.71
3;46.87
3;46.85
3;46.81
3;46.85
3;46.85
3;46.85
3;47.04
3;47.16
3;47.14
3;47.33
3;47.31
3;47.27
3;47.48
3;47.46
3;47.60
3;47.59
3;47.57
3;47.57
3;47.53
3;47.50
3;47.46
3;47.44
3;47.43
3;47.39
3;47.40
3;47.31
3;47.31
3;47.29
3;47.32
3;47.28
3;47.26
3;47.21
3;47.21
3;47.20
3;47.16
3;47.16
3;47.13
3;47.11
3;47.10
3;47.10
3;47.08
3;47.05
3;47.03
3;47.02
3;47.00
3;46.99
3;47.25
3;47.22
3;47.23
3;47.19
3;47.17
3;47.25
3;47.25
3;47.25
3;47.24
3;47.24
3;47.23
3;47.71
3;47.65
3;47.65
3;47.65
3;47.65
3;47.63
3;47.63
3;47.63
3;47.61
3;47.60
3;47.55
3;47.54
3;47.52
3;47.52
3;47.50
3;47.49
3;47.49
3;47.69
3;47.68
3;47.63
3;47.63
3;47.59
3;47.58
3;47.56
3;47.54
3;47.51
3;47.51
3;47.49
3;47.49
3;47.49
3;47.65
3;47.64
3;47.58
3;47.57
3;47.57
3;47.57
3;47.55
3;47.52
3;47.48
3;47.46
3;47.45
3;47.45
3;47.43
3;47.37
3;47.37
3;47.36
3;47.29
3;47.27
3;47.26
3;47.24
3;47.21
3;47.20
3;47.20
3;47.18
3;47.17
3;47.15
3;47.13
3;47.11
3;47.11
3;47.09
3;47.04
3;47.03
3;47.01
3;47.01
3;47.01
3;46.99
3;46.97
3;46.97
3;46.92
3;46.92
3;46.92
3;46.92
3;46.87
3;46.87
3;46.87
3;46.84
3;46.82
3;46.82
3;46.79
3;46.79
3;46.77
3;46.78
3;46.76
3;46.76
3;46.76
3;46.93
3;46.92
3;47.12
3;47.12
3;47.12
3;47.12
3;47.12
3;47.30
3;47.27
3;47.27
3;47.25
3;47.22
3;47.22
3;47.19
3;47.19
3;47.15
3;47.14
3;47.14
3;47.12
3;47.12
3;47.49
3;47.49
3;47.49
3;47.49
3;47.47
3;47.66
3;47.66
3;47.64
3;47.62
3;47.65
3;47.63
3;47.63
3;47.85
3;47.85
3;47.85
3;48.21
3;48.38
3;48.38
3;48.36
3;48.34
3;48.34
3;48.32
3;48.29
3;48.27
3;48.27
3;48.23
3;48.42
3;49.00
3;48.98
3;48.97
3;48.95
3;48.97
3;48.97
3;49.12
3;49.12
3;49.09
3;49.07
3;49.05
3;49.04
3;49.04
3;49.04
3;49.04
3;49.04
3;49.04
3;49.56
3;49.74
3;49.74
3;49.74
3;49.74
3;49.74
3;49.71
3;49.73
3;49.72
3;49.70
3;49.89
3;49.88
3;49.86
3;49.84
3;49.84
3;50.34
3;50.32
3;50.32
3;50.34
3;50.32
3;50.30
3;50.27
3;50.25
3;50.25
3;50.25
3;50.21
3;50.21
3;50.73
3;50.72
3;50.68
3;50.68
3;50.68
3;50.68
3;50.70
3;50.69
3;50.67
3;50.66
3;50.64
3;50.64
3;50.80
3;50.80
3;50.77
3;50.75
3;50.75
3;50.73
3;50.80
3;50.98
3;50.98
3;50.94
3;50.96
3;50.94
3;50.94
3;50.94
3;50.92
3;50.92
3;50.91
3;50.87
3;50.84
3;50.82
3;50.77
3;50.77
3;50.77
3;50.77
3;50.77
3;50.74
3;50.68
3;50.67
3;50.61
3;50.59
3;50.59
3;50.53
3;50.46
3;50.41
3;50.40
3;50.38
3;50.38
3;50.40
3;50.39
3;50.38
3;50.35
3;50.33
3;50.29
3;50.26
3;50.46
3;50.42
3;50.39
3;50.37
3;50.35
3;50.34
3;50.32
3;50.32
3;50.34
3;50.34
3;50.32
3;50.29
3;50.24
3;50.24
3;50.26
3;50.31
3;50.26
3;50.24
3;50.24
3;50.22
3;50.22
3;50.22
3;50.22
3;50.46
3;50.45
3;50.41
3;50.40
3;50.40
3;50.33
3;50.33
3;50.31
3;50.31
3;50.28
3;50.26
3;50.26
3;50.23
3;50.20
3;50.21
3;50.20
3;50.22
3;50.19
3;50.15
3;50.15
3;50.15
3;50.14
3;50.12
3;50.12
3;50.12
3;50.12
3;50.12
3;50.34
3;50.29
3;50.25
3;50.20
3;50.14
3;50.15
3;50.15
3;50.10
3;50.08
3;50.21
3;50.20
3;50.20
3;50.26
3;50.25
3;50.23
3;50.22
3;50.24
3;50.23
3;50.23
3;50.17
3;50.17
3;50.17
3;50.12
3;50.12
3;50.11
3;50.11
3;50.11
3;50.11
3;50.08
3;50.11
3;50.41
3;50.40
3;50.38
3;50.36
3;50.34
3;50.34
3;50.67
3;50.63
3;50.63
3;50.63
3;50.62
3;50.62
3;50.62
3;50.61
3;50.59
3;50.57
3;50.59
3;50.91
3;50.89
3;50.89
3;50.86
3;50.83
3;50.78
3;51.30
3;51.28
3;51.59
3;51.56
3;51.55
3;51.48
3;51.48
3;51.41
3;51.41
3;51.39
3;51.39
3;51.39
3;51.39
3;51.69
3;51.66
3;51.64
3;51.63
3;51.63
3;51.61
3;52.07
3;52.07
3;52.36
3;52.34
3;52.34
3;52.34
3;52.37
3;52.36
3;52.31
3;52.30
3;52.30
3;52.79
3;52.74
3;52.74
3;52.72
3;52.69
3;52.68
3;52.67
3;52.65
3;52.64
3;52.61
3;52.59
3;52.56
3;52.56
3;52.50
3;52.50
3;52.50
3;52.47
3;52.47
3;52.74
3;52.70
3;52.67
3;52.62
3;52.62
3;52.90
3;52.90
3;52.88
3;52.88
3;52.87
3;52.83
3;52.82
3;52.80
3;52.77
3;53.15
3;53.44
3;53.40
3;53.40
3;53.38
3;53.89
3;53.88
3;53.88
3;53.88
3;54.14
3;54.09
3;54.07
3;54.04
3;54.32
3;54.26
3;54.24
3;54.22
3;54.17
3;54.14
3;54.11
3;54.09
3;54.39
3;54.39
3;54.38
3;54.38
3;54.34
3;54.31
3;54.31
3;54.23
3;54.20
3;54.16
3;54.16
3;54.13
3;54.13
3;54.12
3;54.10
3;54.07
3;54.07
3;54.05
3;54.02
3;53.97
3;53.91
3;53.91
3;53.90
3;53.87
3;53.86
3;53.86
3;53.82
3;53.81
3;53.78
3;53.77
3;53.74
3;53.72
3;53.70
3;53.70
3;53.64
3;53.62
3;53.62
3;53.61
3;53.59
3;53.59
3;53.59
3;53.59
3;53.55
3;53.88
3;53.88
3;53.84
3;53.84
3;53.84
3;53.80
3;53.80
3;53.73
3;53.70
3;53.69
3;53.69
3;53.65
3;53.62
3;53.56
3;53.53
3;53.48
3;53.45
3;53.42
3;53.40
3;53.40
3;53.39
3;53.39
3;53.37
3;53.36
3;53.36
3;53.61
3;53.61
3;53.61
3;53.61
3;53.56
3;53.53
3;53.53
3;53.65
3;53.65
3;53.65
3;53.63
3;53.59
3;53.59
3;53.59
3;53.59
3;53.51
3;53.50
3;53.46
3;53.45
3;53.40
3;53.39
3;53.38
3;53.36
3;53.33
3;53.31
3;53.30
3;53.26
3;53.25
3;53.20
3;53.20
3;53.20
3;53.18
3;53.18
3;53.15
3;53.15
3;53.15
3;53.12
3;53.12
3;53.07
3;53.05
3;53.03
3;52.97
3;53.03
3;53.00
3;52.96
3;52.95
3;52.93
3;52.90
3;52.90
3;52.89
3;52.87
3;52.86
3;52.81
3;52.79
3;52.78
3;52.78
3;52.78
3;52.76
3;52.76
3;52.76
3;52.76
3;52.76
3;52.76
3;52.74
3;52.74
3;52.74
3;52.73
3;52.73
3;52.73
3;52.71
3;52.68
3;52.67
3;52.65
3;52.62
3;52.62
3;52.62
3;52.59
3;52.57
3;52.53
3;52.48
3;52.45
3;52.43
3;52.41
3;52.39
3;52.38
3;52.36
3;52.36
3;52.36
3;52.36
3;52.36
3;52.35
3;52.35
3;52.35
3;52.35
3;52.31
3;52.30
3;52.28
3;52.26
3;52.25
3;52.21
3;52.21
3;52.16
3;52.15
3;52.15
3;52.12
3;52.09
3;52.09
3;52.09
3;52.09
3;52.07
3;52.04
3;52.03
3;52.01
3;52.01
3;52.01
3;51.98
3;51.97
3;51.97
3;51.97
3;51.94
3;51.94
3;51.92
3;51.91
3;51.98
3;51.97
3;51.93
3;51.89
3;51.89
3;51.86
3;51.85
3;51.85
3;51.85
3;51.83
3;51.81
3;51.78
3;51.78
3;51.77
3;51.77
3;51.75
3;51.75
3;51.72
3;51.71
3;51.71
3;51.89
3;51.89
3;51.89
3;51.86
3;51.81
3;51.81
3;51.80
3;51.78
3;51.78
3;52.10
3;52.08
3;52.07
3;52.04
3;52.03
3;52.01
3;51.97
3;51.93
3;51.88
3;52.26
3;52.25
3;52.23
3;52.20
3;52.20
3;52.17
3;52.16
3;52.13
3;52.13
3;52.34
3;52.34
3;52.34
3;52.66
3;52.66
3;52.64
3;52.95
3;52.92
3;52.90
3;52.87
3;52.87
3;52.87
3;52.86
3;53.25
3;53.24
3;53.21
3;53.18
3;53.18
3;53.13
3;53.09
3;53.07
3;53.56
3;53.53
3;53.51
3;53.48
3;53.45
3;53.41
3;53.39
3;53.37
3;53.33
3;53.40
3;53.39
3;53.38
3;53.38
3;53.38
3;53.35
3;53.34
3;53.33
3;53.63
3;53.60
3;53.57
3;53.56
3;53.54
3;53.51
3;53.51
3;53.48
3;53.48
3;53.45
3;53.45
3;53.44
3;53.42
3;53.40
3;53.40
3;53.35
3;53.33
3;53.64
3;53.63
3;53.63
3;53.63
3;53.60
3;53.64
3;53.64
3;53.93
3;53.93
3;53.93
3;53.92
3;53.90
3;53.90
3;53.86
3;53.84
3;53.82
3;53.77
3;53.77
3;53.77
3;53.74
3;53.73
3;53.73
3;53.73
3;53.78
3;53.75
3;53.74
3;53.72
3;53.99
3;53.98
3;53.96
3;53.95
3;53.92
3;53.89
3;54.23
3;54.21
3;54.21
3;54.18
3;54.16
3;54.15
3;54.12
3;54.10
3;54.07
3;54.63
3;54.63
3;54.61
3;54.60
3;54.62
3;54.62
3;55.16
3;55.09
3;55.45
3;55.43
3;55.42
3;55.40
3;55.39
3;55.39
3;55.37
3;55.36
3;55.35
3;55.33
3;55.32
3;55.28
3;55.28
3;55.25
3;55.23
3;55.20
3;55.16
3;55.16
3;55.16
3;55.13
3;55.13
3;55.07
3;55.42
3;55.41
3;55.35
3;55.33
3;55.25
3;55.23
3;55.23
3;55.21
3;55.21
3;55.21
3;55.21
3;55.19
3;55.16
3;55.16
3;55.14
3;55.13
3;55.11
3;55.07
3;55.34
3;55.32
3;55.31
3;55.28
3;55.27
3;55.27
3;55.56
3;55.51
3;55.95
3;56.24
3;56.19
3;56.19
3;56.17
3;56.30
3;56.28
3;56.28
3;56.28
3;56.25
3;56.25
3;56.24
3;56.16
3;56.15
3;56.14
3;56.12
3;56.11
3;56.67
3;56.74
3;56.71
3;56.68
3;56.68
3;56.67
3;56.65
3;56.65
3;56.64
3;56.56
3;56.54
3;56.52
3;56.49
3;56.49
3;56.48
3;56.46
3;56.45
3;56.43
3;56.43
3;56.43
3;56.43
3;56.42
3;56.41
3;56.41
3;56.41
3;56.40
3;56.38
3;56.37
3;56.33
3;56.33
3;56.33
3;56.31
3;56.31
3;56.30
3;56.27
3;56.27
3;56.27
3;56.25
3;56.25
3;56.25
3;56.25
3;56.25
3;56.25
3;56.25
3;56.23
3;56.23
3;56.20
3;56.20
3;56.20
3;56.19
3;56.18
3;56.16
3;56.15
3;56.11
3;56.32
3;56.29
3;56.27
3;56.27
3;56.27
3;56.29
3;56.29
3;56.28
3;56.28
3;56.28
3;56.26
3;56.25
3;56.25
3;56.24
